Date,Open,High,Low,Close,Adj Close,Volume,Stock,SMA_50,T_SMA_50,SMA_150,T_SMA_150,SMA_200,T_SMA_200,VOL_50,EMA_5,T_EMA_5,EMA_10,T_EMA_10,EMA_21,T_EMA_21,EMA_50,T_EMA_50,EMA_200,T_EMA_200,MACD,SIGNAL,HIST,RSI
2020-12-10,146.0,165.0,141.25,144.7100067138672,144.7100067138672,70447500,ABNB,,False,,False,,False,,145.0,False,145.0,False,145.0,False,145.0,False,145.0,False,0.0,0.0,0.0,
2020-12-11,146.5500030517578,151.5,135.10000610351562,139.25,139.25,26980800,ABNB,,False,,False,,False,,143.0,False,144.0,False,144.0,False,144.0,False,145.0,False,-0.43555609113471405,-0.08711121822694282,-0.34844487290777126,
2020-12-14,135.0,135.3000030517578,125.16000366210938,130.0,130.0,16966100,ABNB,,False,,False,,False,,139.0,False,141.0,False,143.0,False,144.0,False,145.0,False,-1.509731876597698,-0.37163534990109387,-1.138096526696604,
2020-12-15,126.69000244140625,127.5999984741211,121.5,124.80000305175781,124.80000305175781,10914400,ABNB,,False,,False,,False,,134.0,False,138.0,False,141.0,False,143.0,False,144.0,False,-2.7489322414031108,-0.8470947282014973,-1.9018375132016134,
2020-12-16,125.83000183105469,142.0,124.91000366210938,137.99000549316406,137.99000549316406,20409600,ABNB,,False,,False,,False,,135.0,True,138.0,False,141.0,False,143.0,False,144.0,False,-2.6362949280028545,-1.2049347681617688,-1.4313601598410857,
2020-12-17,143.0,152.4499969482422,142.6699981689453,147.0500030517578,147.0500030517578,15054700,ABNB,,False,,False,,False,,139.0,True,140.0,True,142.0,True,143.0,True,144.0,True,-1.795268225616212,-1.3230014596526576,-0.47226676596355444,
2020-12-18,150.4499969482422,159.0,150.3000030517578,157.3000030517578,157.3000030517578,15954200,ABNB,,False,,False,,False,,145.0,True,143.0,True,143.0,True,144.0,True,144.0,True,-0.29822145621795926,-1.118045458965718,0.8198240027477588,
2020-12-21,155.30999755859375,172.0,145.11000061035156,163.02000427246094,163.02000427246094,17788100,ABNB,,False,,False,,False,,151.0,True,147.0,True,145.0,True,144.0,True,145.0,True,1.3343733631241719,-0.62756169454774,1.961935057671912,
2020-12-22,170.0,174.97000122070312,161.0500030517578,163.19000244140625,163.19000244140625,9872600,ABNB,,False,,False,,False,,155.0,True,150.0,True,146.0,True,145.0,True,145.0,True,2.6118264417482635,0.020315932711460594,2.591510509036803,
2020-12-23,162.81399536132812,168.25,155.5,158.00999450683594,158.00999450683594,5852500,ABNB,,False,,False,,False,,156.0,True,151.0,True,148.0,True,146.0,True,145.0,True,3.169695583305696,0.6501918628303077,2.5195037204753885,
2020-12-24,159.16000366210938,162.7899932861328,154.11199951171875,154.83999633789062,154.83999633789062,3621400,ABNB,,False,,False,,False,,156.0,False,152.0,True,148.0,True,146.0,True,145.0,True,3.317773312264677,1.1837081527171818,2.1340651595474953,
2020-12-28,158.60000610351562,163.63999938964844,147.52000427246094,149.0,149.0,6229200,ABNB,,False,,False,,False,,153.0,False,151.0,False,148.0,True,146.0,True,145.0,True,2.9301105907653096,1.5329886403268074,1.3971219504385022,
2020-12-29,150.0,151.6510009765625,143.1199951171875,150.0,150.0,5402300,ABNB,,False,,False,,False,,152.0,False,151.0,False,148.0,True,146.0,True,145.0,True,2.6727667424023878,1.7609442607419235,0.9118224816604643,
2020-12-30,151.33999633789062,152.81300354003906,145.60000610351562,148.42999267578125,148.42999267578125,3462400,ABNB,,False,,False,,False,,151.0,False,151.0,False,148.0,True,146.0,True,145.0,True,2.3154424394179784,1.8718438964771345,0.443598542940844,
2020-12-31,146.89999389648438,147.88999938964844,144.50999450683594,146.8000030517578,146.8000030517578,2795800,ABNB,,False,,False,,False,,150.0,False,150.0,False,148.0,False,146.0,True,145.0,True,1.8790730304406225,1.873289723269832,0.005783307170790453,48.9449889532628
2021-01-04,150.99000549316406,151.0050048828125,137.0,139.14999389648438,139.14999389648438,6409900,ABNB,,False,,False,,False,,146.0,False,148.0,False,147.0,False,146.0,False,145.0,False,0.9055170875967633,1.6797351961352183,-0.774218108538455,41.05383767091864
2021-01-05,138.27999877929688,149.0,137.25,148.3000030517578,148.3000030517578,5974200,ABNB,,False,,False,,False,,147.0,True,148.0,True,148.0,True,146.0,True,145.0,True,0.8623555597198731,1.5162592688521492,-0.6539037091322761,51.19022499945478
2021-01-06,145.75,148.35000610351562,141.11000061035156,142.77000427246094,142.77000427246094,4213900,ABNB,,False,,False,,False,,145.0,False,147.0,False,147.0,False,146.0,False,145.0,False,0.3775726303029785,1.288521941142315,-0.9109493108393365,46.03760009934167
2021-01-07,146.3699951171875,154.4199981689453,145.26100158691406,151.27000427246094,151.27000427246094,4482800,ABNB,,False,,False,,False,,147.0,True,148.0,True,147.0,True,146.0,True,145.0,True,0.6715168009272929,1.1651209130993108,-0.49360411217201783,53.744556657550795
2021-01-08,153.4499969482422,155.5399932861328,147.25,149.77000427246094,149.77000427246094,4615600,ABNB,,False,,False,,False,,148.0,True,148.0,True,148.0,True,146.0,True,145.0,True,0.7745042075312085,1.0869975719856904,-0.31249336445448184,52.32434691335915
2021-01-11,147.99000549316406,150.5,144.02000427246094,148.1300048828125,148.1300048828125,2801900,ABNB,,False,,False,,False,,148.0,True,148.0,True,148.0,True,146.0,True,145.0,True,0.7155399256958788,1.0127060427277281,-0.29716611703184936,50.745455477553215
2021-01-12,148.0800018310547,163.8800048828125,143.61000061035156,160.8000030517578,160.8000030517578,8123600,ABNB,,False,,False,,False,,152.0,True,150.0,True,149.0,True,147.0,True,145.0,True,1.6719006422855216,1.144544962639287,0.5273556796462346,60.629540732003484
2021-01-13,160.80999755859375,178.6199951171875,159.35000610351562,169.99000549316406,169.99000549316406,12529700,ABNB,,False,,False,,False,,158.0,True,154.0,True,151.0,True,148.0,True,146.0,True,3.1352387130900468,1.542683712729439,1.5925550003606077,65.9646588761435
2021-01-14,175.5399932861328,187.4199981689453,174.97500610351562,180.5,180.5,9926500,ABNB,,False,,False,,False,,166.0,True,159.0,True,154.0,True,149.0,True,146.0,True,5.0844035587034,2.2510276819242314,2.8333758767791686,70.83257604765765
2021-01-15,184.5800018310547,185.9949951171875,164.86000061035156,169.27000427246094,169.27000427246094,8575700,ABNB,,False,,False,,False,,167.0,True,161.0,True,155.0,True,150.0,True,146.0,True,5.657744977329543,2.9323711410052935,2.7253738363242492,60.82246540699439
2021-01-19,173.0,178.60000610351562,166.60000610351562,173.69000244140625,173.69000244140625,4685400,ABNB,,False,,False,,False,,169.0,True,163.0,True,157.0,True,151.0,True,146.0,True,6.395060814774922,3.6249090757592195,2.7701517390157027,63.036604414218836
2021-01-20,176.00999450683594,176.30999755859375,161.0,161.8300018310547,161.8300018310547,8517400,ABNB,,False,,False,,False,,167.0,False,163.0,False,157.0,True,151.0,True,147.0,True,5.953754817477318,4.090678224102839,1.8630765933744788,54.187239350543315
2021-01-21,164.99000549316406,183.47000122070312,155.3300018310547,180.39999389648438,180.39999389648438,17618400,ABNB,,False,,False,,False,,171.0,True,166.0,True,159.0,True,153.0,True,147.0,True,7.021520086153316,4.676846596512934,2.344673489640382,62.956173880778465
2021-01-22,178.08999633789062,185.3070068359375,175.19000244140625,181.8699951171875,181.8699951171875,7136800,ABNB,,False,,False,,False,,175.0,True,169.0,True,161.0,True,154.0,True,147.0,True,7.895336048321326,5.3205444868746135,2.5747915614467125,63.55092805695552
2021-01-25,186.0500030517578,192.47000122070312,170.02999877929688,177.52999877929688,177.52999877929688,7472900,ABNB,,False,,False,,False,,176.0,True,170.0,True,163.0,True,155.0,True,148.0,True,8.143763820235819,5.885188353546854,2.2585754666889644,60.46434906436329
2021-01-26,180.0,193.0,177.3000030517578,192.74000549316406,192.74000549316406,6460900,ABNB,,False,,False,,False,,181.0,True,175.0,True,165.0,True,156.0,True,148.0,True,9.45892840708433,6.599936364254349,2.85899204282998,66.5888612483621
2021-01-27,187.63999938964844,216.0,185.5,201.25,201.25,11019800,ABNB,,False,,False,,False,,188.0,True,179.0,True,169.0,True,158.0,True,149.0,True,11.06039391690311,7.492027874784101,3.568366042119008,69.44121417995063
2021-01-28,202.60000610351562,212.83999633789062,187.0500030517578,187.3699951171875,187.3699951171875,7077700,ABNB,,False,,False,,False,,188.0,False,181.0,True,170.0,True,159.0,True,149.0,True,11.081822130047868,8.209986725836856,2.871835404211012,60.3860989697711
2021-01-29,190.7100067138672,193.5,179.30999755859375,183.6300048828125,183.6300048828125,4529800,ABNB,,False,,False,,False,,186.0,False,181.0,True,172.0,True,160.0,True,149.0,True,10.673975245523991,8.702784429774283,1.9711908157497078,58.184444802002496
2021-02-01,187.47999572753906,188.82000732421875,179.74000549316406,180.44000244140625,180.44000244140625,3877400,ABNB,,False,,False,,False,,184.0,False,181.0,False,172.0,True,161.0,True,150.0,True,9.978323215365748,8.957892186892577,1.0204310284731708,56.298982289117426
2021-02-02,183.22000122070312,186.47900390625,177.11000061035156,179.1699981689453,179.1699981689453,4413600,ABNB,,False,,False,,False,,183.0,False,181.0,False,173.0,True,162.0,True,150.0,True,9.218272728801992,9.009968295274462,0.20830443352753036,55.52751398526395
2021-02-03,181.97999572753906,190.89999389648438,180.0,185.72000122070312,185.72000122070312,4169000,ABNB,,False,,False,,False,,184.0,True,182.0,True,174.0,True,162.0,True,150.0,True,9.04024740324354,9.016024116868278,0.024223286375262276,58.67289681456903
2021-02-04,187.07000732421875,195.99000549316406,186.19000244140625,195.8000030517578,195.8000030517578,3631500,ABNB,,False,,False,,False,,188.0,True,184.0,True,176.0,True,164.0,True,151.0,True,9.601848819562548,9.133189057407133,0.46865976215541494,63.00884235939364
2021-02-05,197.0,197.25,190.25,195.30999755859375,195.30999755859375,2869700,ABNB,,False,,False,,False,,190.0,True,186.0,True,178.0,True,165.0,True,151.0,True,9.893338393354242,9.285218924596556,0.6081194687576854,62.66465372917093
2021-02-08,199.92999267578125,201.9600067138672,191.5,200.42999267578125,200.42999267578125,3488100,ABNB,,False,,False,,False,,194.0,True,189.0,True,180.0,True,166.0,True,152.0,True,10.417401477401398,9.511655435157525,0.905746042243873,64.82668327034679
2021-02-09,199.2030029296875,209.22000122070312,196.16000366210938,199.8800048828125,199.8800048828125,4725800,ABNB,,False,,False,,False,,196.0,True,191.0,True,182.0,True,168.0,True,152.0,True,10.665401716718321,9.742404691469684,0.9229970252486375,64.39529950732037
2021-02-10,205.47999572753906,214.71600341796875,202.0970001220703,211.66000366210938,211.66000366210938,5257200,ABNB,,False,,False,,False,,201.0,True,195.0,True,184.0,True,169.0,True,153.0,True,11.677875861349662,10.129498925445679,1.548376935903983,69.1331294774072
2021-02-11,213.5,219.94000244140625,207.0,216.83999633789062,216.83999633789062,3595200,ABNB,,False,,False,,False,,206.0,True,199.0,True,187.0,True,171.0,True,153.0,True,12.75126241761771,10.653851623880085,2.097410793737625,70.9628894214228
2021-02-12,214.45799255371094,216.94000244140625,209.0,212.67999267578125,212.67999267578125,3041700,ABNB,,False,,False,,False,,208.0,True,201.0,True,190.0,True,173.0,True,154.0,True,13.11506911495158,11.146095122094385,1.9689739928571957,67.5021540012703
2021-02-16,216.24000549316406,218.77999877929688,209.08999633789062,209.86000061035156,209.86000061035156,3487900,ABNB,,False,,False,,False,,209.0,True,203.0,True,192.0,True,174.0,True,155.0,True,13.025686743085373,11.522013446292583,1.5036732967927904,65.1815520065127
2021-02-17,207.0500030517578,208.76499938964844,196.02000427246094,201.9600067138672,201.9600067138672,4090600,ABNB,,False,,False,,False,,207.0,False,203.0,False,192.0,True,175.0,True,155.0,True,12.177018001384226,11.653014357310912,0.5240036440733142,59.05644241097497
2021-02-18,199.00999450683594,200.36000061035156,192.1699981689453,198.0399932861328,198.0399932861328,2791400,ABNB,,False,,False,,False,,204.0,False,202.0,False,193.0,True,176.0,True,155.0,True,11.060629534290456,11.534537392706822,-0.47390785841636607,56.23270923113035
2021-02-19,203.9499969482422,205.5500030517578,200.17999267578125,201.07000732421875,201.07000732421875,2605800,ABNB,,False,,False,,False,,203.0,False,202.0,False,194.0,True,177.0,True,156.0,True,10.301629666707697,11.287955847506998,-0.9863261807993009,57.90802786570972
2021-02-22,200.6999969482422,205.0,193.5,195.33999633789062,195.33999633789062,3674200,ABNB,,False,,False,,False,,200.0,False,201.0,False,194.0,True,178.0,True,156.0,True,9.132479268219754,10.85686053164955,-1.7243812634297964,53.72027110823362
2021-02-23,189.0,191.6699981689453,175.0,187.58999633789062,187.58999633789062,5902400,ABNB,171.73,True,,False,,False,8710920.0,196.0,False,198.0,False,193.0,False,178.0,True,157.0,True,7.494170787715319,10.184322582862704,-2.6901517951473846,48.60088610257621
2021-02-24,190.97999572753906,208.14500427246094,189.0,200.1999969482422,200.1999969482422,5983500,ABNB,172.84,True,,False,,False,7421640.0,197.0,True,199.0,True,194.0,True,179.0,True,157.0,True,7.131118086291536,9.57368168354847,-2.4425635972569335,55.95563772824713
2021-02-25,197.41000366210938,199.8000030517578,180.0,182.05999755859375,182.05999755859375,11568500,ABNB,173.69,True,,False,,False,7113394.0,192.0,False,196.0,False,193.0,False,179.0,True,157.0,True,5.318343305246373,8.722614007888051,-3.4042707026416785,45.80234444348457
2021-02-26,194.17999267578125,214.10000610351562,185.75,206.35000610351562,206.35000610351562,19368600,ABNB,175.22,True,,False,,False,7161444.0,197.0,True,198.0,True,194.0,True,180.0,True,158.0,True,5.775134761797375,8.133118158669916,-2.357983396872541,57.04259931723978
2021-03-01,195.82000732421875,199.69000244140625,192.6199951171875,196.4199981689453,196.4199981689453,15798500,ABNB,176.65,True,,False,,False,7259126.0,197.0,False,197.0,False,194.0,True,181.0,True,158.0,True,5.275068919450831,7.561508310826099,-2.286439391375268,52.27000206340632
2021-03-02,195.6300048828125,200.0,188.5,189.89999389648438,189.89999389648438,9144900,ABNB,177.69,True,,False,,False,7033832.0,195.0,False,196.0,False,194.0,False,181.0,True,158.0,True,4.303050395371031,6.909816727735086,-2.606766332364055,49.35036532444681
2021-03-03,186.97000122070312,188.47999572753906,178.8000030517578,180.39999389648438,180.39999389648438,10592900,ABNB,178.36,True,,False,,False,6944596.0,190.0,False,193.0,False,193.0,False,181.0,False,159.0,True,2.7346250514866313,6.0747783924853955,-3.3401533409987643,45.37351592886032
2021-03-04,178.63999938964844,183.89999389648438,170.8699951171875,180.22999572753906,180.22999572753906,9993700,ABNB,178.82,True,,False,,False,6825386.0,187.0,False,191.0,False,192.0,False,181.0,False,159.0,True,1.4610768506187242,5.152038084112061,-3.6909612334933373,45.30316292935072
2021-03-05,182.52000427246094,183.5,161.89999389648438,179.80999755859375,179.80999755859375,8788500,ABNB,179.15,True,,False,,False,6645394.0,184.0,False,189.0,False,190.0,False,181.0,False,159.0,True,0.413128100272246,4.204256087344098,-3.791127987071852,45.11703626900745
2021-03-08,179.99200439453125,186.39999389648438,177.02999877929688,180.80999755859375,180.80999755859375,4988500,ABNB,179.51,True,,False,,False,6547712.0,183.0,False,187.0,False,190.0,False,181.0,False,159.0,True,-0.33285030071456845,3.2968348097323648,-3.629685110446933,45.68917812699381
2021-03-09,184.99000549316406,189.4600067138672,180.72000122070312,183.11000061035156,183.11000061035156,6079900,ABNB,180.01,True,,False,,False,6552260.0,183.0,True,187.0,False,189.0,False,181.0,True,160.0,True,-0.7300371201427538,2.4914604237573412,-3.221497543900095,47.05625801853036
2021-03-10,184.57000732421875,191.0,181.5500030517578,183.7899932861328,183.7899932861328,6145600,ABNB,180.59,True,,False,,False,6602744.0,183.0,True,186.0,False,189.0,False,181.0,True,160.0,True,-0.9786594333629921,1.7974364523332746,-2.7760958856962668,47.47719389970132
2021-03-11,189.89999389648438,201.0,188.5,197.8699951171875,197.8699951171875,6031200,ABNB,181.56,True,,False,,False,6598784.0,188.0,True,188.0,True,189.0,True,182.0,True,160.0,True,-0.03910515168945494,1.4301281315287289,-1.4692332832181838,55.38669160026928
2021-03-12,196.27000427246094,208.6999969482422,192.1999969482422,206.74000549316406,206.74000549316406,5556500,ABNB,182.7,True,,False,,False,6601868.0,194.0,True,192.0,True,191.0,True,183.0,True,161.0,True,1.4050376933086284,1.4251100438847089,-0.020072350576080478,59.52215746059534
2021-03-15,209.53799438476562,213.74000549316406,203.80999755859375,209.99000549316406,209.99000549316406,4329400,ABNB,183.93,True,,False,,False,6619208.0,200.0,True,195.0,True,193.0,True,184.0,True,161.0,True,2.7797360739389205,1.696035249895551,1.0837008240433694,60.95045885737244
2021-03-16,209.11000061035156,215.49000549316406,198.17999267578125,200.00999450683594,200.00999450683594,4605600,ABNB,184.99,True,,False,,False,6655404.0,200.0,True,196.0,True,193.0,True,185.0,True,162.0,True,3.0289748282420135,1.9626231655648436,1.0663516626771699,54.58134412253045
2021-03-17,195.6300048828125,203.4600067138672,194.44000244140625,201.36000061035156,201.36000061035156,3781900,ABNB,186.24,True,,False,,False,6602844.0,200.0,True,197.0,True,194.0,True,185.0,True,162.0,True,3.2974219194637158,2.229582916344618,1.0678390031190976,55.262371309633785
2021-03-18,196.8000030517578,199.89999389648438,190.67999267578125,191.4499969482422,191.4499969482422,3711500,ABNB,187.1,True,,False,,False,6557590.0,197.0,False,196.0,False,194.0,False,186.0,True,162.0,True,2.6796246541333915,2.319591263902373,0.36003339023101866,49.40595143787903
2021-03-19,193.00999450683594,196.49000549316406,187.80999755859375,194.38999938964844,194.38999938964844,4444600,ABNB,188.13,True,,False,,False,6562204.0,196.0,False,196.0,False,194.0,True,186.0,True,163.0,True,2.3995885338399603,2.3355907178898905,0.06399781595006981,51.06286476365625
2021-03-22,196.85000610351562,203.3000030517578,194.7100067138672,195.0,195.0,3740400,ABNB,189.01,True,,False,,False,6547356.0,196.0,False,195.0,False,194.0,True,186.0,True,163.0,True,2.201502294164129,2.308773033144738,-0.1072707389806089,51.418364880020675
2021-03-23,195.5,196.75,185.74000549316406,187.13999938964844,187.13999938964844,3460600,ABNB,189.76,False,,False,,False,6524256.0,193.0,False,194.0,False,193.0,False,186.0,True,163.0,True,1.39420958140812,2.1258603427974143,-0.7316507613892944,46.70982317238986
2021-03-24,189.0,189.77999877929688,178.50999450683594,178.85000610351562,178.85000610351562,3756100,ABNB,190.37,False,,False,,False,6543340.0,188.0,False,191.0,False,192.0,False,186.0,False,163.0,True,0.08451685677781029,1.7175916455934934,-1.6330747888156831,42.3091534242676
2021-03-25,173.10000610351562,179.5399932861328,170.5,176.16000366210938,176.16000366210938,5264100,ABNB,190.68,False,,False,,False,6486150.0,184.0,False,188.0,False,191.0,False,186.0,False,163.0,True,-1.1571459211703825,1.1426441322407184,-2.299790053411101,40.96062438947363
2021-03-26,178.41600036621094,181.0,168.0,174.39999389648438,174.39999389648438,3562900,ABNB,190.77,False,,False,,False,6306814.0,181.0,False,186.0,False,189.0,False,185.0,False,163.0,True,-2.2571714302546866,0.4626810197416374,-2.719852449996324,40.06093188899074
2021-03-29,175.36000061035156,185.4600067138672,173.5,182.5,182.5,4508800,ABNB,190.81,False,,False,,False,6198460.0,181.0,True,185.0,False,189.0,False,185.0,False,164.0,True,-2.4471376934419027,-0.11928272289507064,-2.327854970546832,45.945496879297565
2021-03-30,182.35000610351562,185.22999572753906,178.3800048828125,183.10000610351562,183.10000610351562,2903300,ABNB,191.08,False,,False,,False,6085012.0,182.0,True,185.0,False,188.0,False,185.0,False,164.0,True,-2.5202203165310095,-0.5994702416222584,-1.9207500749087512,46.36554903882742
2021-03-31,185.42999267578125,192.27499389648438,185.1300048828125,187.94000244140625,187.94000244140625,3079500,ABNB,191.37,False,,False,,False,6052894.0,184.0,True,185.0,True,188.0,False,185.0,True,164.0,True,-2.162661748503808,-0.9121085429985684,-1.25055320550524,49.757259057613076
2021-04-01,192.5,193.99000549316406,185.3699951171875,188.24000549316406,188.24000549316406,2921400,ABNB,191.9,False,,False,,False,5940974.0,185.0,True,186.0,True,188.0,True,185.0,True,164.0,True,-1.8339456839718764,-1.0964759711932301,-0.7374697127786463,49.96845429406621
2021-04-05,191.66000366210938,192.10000610351562,185.80999755859375,186.69000244140625,186.69000244140625,2591400,ABNB,192.02,False,,False,,False,5640434.0,186.0,True,186.0,True,188.0,False,185.0,True,165.0,True,-1.6791519089491942,-1.213011158744423,-0.4661407502047712,48.82647628264983
2021-04-06,188.6999969482422,194.47999572753906,187.52000427246094,190.02999877929688,190.02999877929688,3565600,ABNB,192.18,False,,False,,False,5569010.0,187.0,True,187.0,True,188.0,True,185.0,True,165.0,True,-1.2723006461914395,-1.2248690562338265,-0.047431589957612985,51.40376217179544
2021-04-07,189.3800048828125,190.6199951171875,179.47000122070312,179.94000244140625,179.94000244140625,6663500,ABNB,192.23,False,,False,,False,5552822.0,185.0,False,186.0,False,187.0,False,185.0,False,165.0,True,-1.7439433744472694,-1.3286839198765152,-0.4152594545707542,44.16699175958924
2021-04-08,181.6479949951172,183.89999389648438,179.3000030517578,180.17999267578125,180.17999267578125,2625300,ABNB,191.98,False,,False,,False,5476110.0,183.0,False,185.0,False,187.0,False,185.0,False,165.0,True,-2.074445511797876,-1.4778362382607875,-0.5966092735370885,44.36760743843231
2021-04-09,179.6199951171875,182.4600067138672,177.25,179.5,179.5,2910200,ABNB,191.55,False,,False,,False,5313918.0,182.0,False,184.0,False,186.0,False,185.0,False,165.0,True,-2.3639899580830672,-1.6550669822252435,-0.7089229758578237,43.88643636692601
2021-04-12,179.67999267578125,181.49000549316406,176.25,176.49000549316406,176.49000549316406,2619800,ABNB,191.33,False,,False,,False,5224760.0,180.0,False,182.0,False,185.0,False,185.0,False,165.0,True,-2.804014485397886,-1.8848564828597723,-0.9191580025381136,41.72909619990635
2021-04-13,175.26499938964844,178.61000061035156,172.13999938964844,177.9499969482422,177.9499969482422,3573600,ABNB,191.22,False,,False,,False,5205636.0,179.0,False,182.0,False,185.0,False,184.0,False,166.0,True,-3.0003419108331855,-2.1079535684544553,-0.8923883423787302,43.18790512119277
2021-04-14,179.5,181.4669952392578,175.30999755859375,176.42999267578125,176.42999267578125,2938600,ABNB,191.14,False,,False,,False,5186860.0,178.0,False,181.0,False,184.0,False,184.0,False,166.0,True,-3.2412216657627653,-2.3346071879161174,-0.9066144778466478,42.008764124120354
2021-04-15,177.0,178.24000549316406,174.25,175.35000610351562,175.35000610351562,2894900,ABNB,191.06,False,,False,,False,5156486.0,177.0,False,180.0,False,183.0,False,184.0,False,166.0,True,-3.479160896435218,-2.5635179296199375,-0.9156429668152803,41.149112856421766
2021-04-16,176.01199340820312,179.50999450683594,172.94000244140625,178.69000244140625,178.69000244140625,3058300,ABNB,190.92,False,,False,,False,5134272.0,178.0,True,179.0,False,183.0,False,183.0,False,166.0,True,-3.359493510076902,-2.722713045711331,-0.6367804643655712,44.904144912207784
2021-04-19,177.32000732421875,178.72000122070312,171.5,174.5800018310547,174.5800018310547,3125700,ABNB,190.49,False,,False,,False,5124156.0,177.0,False,179.0,False,182.0,False,183.0,False,166.0,True,-3.55531548101996,-2.8892335327730567,-0.6660819482469034,41.40327547644406
2021-04-20,173.1840057373047,175.0,165.52000427246094,169.57000732421875,169.57000732421875,4575000,ABNB,189.98,False,,False,,False,5158262.0,174.0,False,177.0,False,181.0,False,183.0,False,166.0,True,-4.06787851884522,-3.1249625299874895,-0.9429159888577301,37.55924852044882
2021-04-21,168.08999633789062,170.32000732421875,164.1199951171875,167.07000732421875,167.07000732421875,3878600,ABNB,189.31,False,,False,,False,5166072.0,172.0,False,175.0,False,180.0,False,182.0,False,166.0,True,-4.622531855957902,-3.424476395181572,-1.19805546077633,35.77436022203847
2021-04-22,168.49000549316406,176.9199981689453,168.42999267578125,170.7100067138672,170.7100067138672,3856500,ABNB,188.73,False,,False,,False,5148686.0,172.0,False,174.0,False,179.0,False,182.0,False,166.0,True,-4.714040566419442,-3.6823892294291465,-1.0316513369902953,40.2282179277322
2021-04-23,172.91900634765625,178.25,172.0,174.25,174.25,3329900,ABNB,187.98,False,,False,,False,5110140.0,172.0,True,174.0,True,178.0,False,181.0,False,166.0,True,-4.449621538212995,-3.8358356911859164,-0.6137858470270783,44.27546886764316
2021-04-26,175.2100067138672,176.031005859375,171.07000732421875,174.8800048828125,174.8800048828125,2549400,ABNB,187.14,False,,False,,False,5089224.0,173.0,True,174.0,True,178.0,False,181.0,False,166.0,True,-4.141490895397084,-3.89696673202815,-0.24452416336893368,44.98936778745331
2021-04-27,176.1649932861328,179.61000061035156,174.8000030517578,177.94000244140625,177.94000244140625,2883000,ABNB,186.45,False,,False,,False,5086050.0,175.0,True,175.0,True,178.0,False,181.0,False,166.0,True,-3.608779151817089,-3.8393292159859382,0.23055006416884938,48.44422027696214
2021-04-28,174.43699645996094,181.6699981689453,173.3509979248047,180.0,180.0,2409700,ABNB,185.85,False,,False,,False,5064486.0,177.0,True,176.0,True,178.0,True,181.0,False,166.0,True,-2.985956423234768,-3.668654657435704,0.6826982342009362,50.68941165826332
2021-04-29,182.75,183.22000122070312,173.35000610351562,177.67999267578125,177.67999267578125,3116000,ABNB,185.36,False,,False,,False,5044994.0,177.0,True,176.0,True,178.0,False,181.0,False,167.0,True,-2.64903371390443,-3.4647304687294493,0.8156967548250194,48.14640662364657
2021-04-30,173.00399780273438,176.4499969482422,172.00999450683594,172.7100067138672,172.7100067138672,3580000,ABNB,184.86,False,,False,,False,5060766.0,176.0,False,176.0,False,178.0,False,180.0,False,167.0,True,-2.7513406284689097,-3.3220525006773416,0.5707118722084319,43.152025868914926
2021-05-03,173.19000244140625,173.44000244140625,167.8000030517578,168.11000061035156,168.11000061035156,3149700,ABNB,184.2,False,,False,,False,5071644.0,173.0,False,174.0,False,177.0,False,180.0,False,167.0,True,-3.167093363197637,-3.2910606731814007,0.12396730998376393,39.10835966019341
2021-05-04,167.01499938964844,169.0399932861328,161.9600067138672,168.89999389648438,168.89999389648438,4658000,ABNB,183.67,False,,False,,False,5091320.0,172.0,False,173.0,False,176.0,False,179.0,False,167.0,True,-3.393713923271406,-3.311591323199402,-0.08212260007200411,40.14569500918688
2021-05-05,169.3000030517578,170.17999267578125,162.1199951171875,162.3300018310547,162.3300018310547,3590100,ABNB,183.16,False,,False,,False,5045074.0,169.0,False,171.0,False,175.0,False,179.0,False,167.0,False,-4.056692772727928,-3.4606116131051072,-0.5960811596228206,34.83126300786684
2021-05-06,161.91000366210938,162.10499572753906,150.6999969482422,153.63999938964844,153.63999938964844,8529000,ABNB,182.23,False,,False,,False,5095984.0,164.0,False,168.0,False,173.0,False,178.0,False,166.0,False,-5.223110097141074,-3.8131113099123004,-1.4099987872287736,29.30534486835434
2021-05-07,156.5,157.0540008544922,148.77999877929688,151.2100067138672,151.2100067138672,7134000,ABNB,181.62,False,,False,,False,5007294.0,159.0,False,165.0,False,171.0,False,177.0,False,166.0,False,-6.271292771633739,-4.3047476022565885,-1.9665451693771505,27.969107590083752
2021-05-10,150.28399658203125,150.5,144.52000427246094,146.72999572753906,146.72999572753906,5827200,ABNB,180.42,False,,False,,False,4736466.0,155.0,False,162.0,False,169.0,False,176.0,False,166.0,False,-7.378430583645496,-4.91948419853437,-2.458946385111126,25.647246220685915
2021-05-11,139.10000610351562,144.35000610351562,136.00999450683594,142.72999572753906,142.72999572753906,8257400,ABNB,179.35,False,,False,,False,4585644.0,151.0,False,158.0,False,166.0,False,174.0,False,166.0,False,-8.480849888399462,-5.6317573365073885,-2.849092551892073,23.751362085198167
2021-05-12,140.89999389648438,144.77000427246094,138.75,140.25,140.25,5307500,ABNB,178.36,False,,False,,False,4508896.0,147.0,False,155.0,False,164.0,False,173.0,False,166.0,False,-9.445755271946041,-6.39455692359512,-3.051198348350921,22.63421069508135
2021-05-13,142.25,142.32899475097656,131.27999877929688,135.75,135.75,13005400,ABNB,177.46,False,,False,,False,4557146.0,144.0,False,151.0,False,161.0,False,172.0,False,165.0,False,-10.453065697551523,-7.206258678386401,-3.2468070191651215,20.72897944937138
2021-05-14,137.67999267578125,142.25,131.6699981689453,141.1999969482422,141.1999969482422,20325400,ABNB,176.68,False,,False,,False,4763780.0,143.0,False,150.0,False,160.0,False,170.0,False,165.0,False,-10.6883881753308,-7.902684577775281,-2.7857035975555196,28.570957106235895
2021-05-17,137.156005859375,137.7899932861328,130.2530059814453,132.5,132.5,39755000,ABNB,175.74,False,,False,,False,5383110.0,139.0,False,146.0,False,157.0,False,169.0,False,165.0,False,-11.444969495099343,-8.611141561240093,-2.8338279338592507,24.41823438701759
2021-05-18,134.0,138.39999389648438,131.49000549316406,135.02000427246094,135.02000427246094,18555600,ABNB,174.82,False,,False,,False,5654452.0,138.0,False,144.0,False,155.0,False,168.0,False,164.0,False,-11.706279652726238,-9.230169179537322,-2.476110473188916,27.696429142874877
2021-05-19,129.9499969482422,138.3800048828125,129.7100067138672,138.19000244140625,138.19000244140625,15565500,ABNB,173.92,False,,False,,False,5844164.0,138.0,True,143.0,False,154.0,False,166.0,False,164.0,False,-11.52472759006534,-9.689080861642925,-1.8356467284224145,31.709007797527505
2021-05-20,138.83900451660156,138.88999938964844,135.64999389648438,136.1999969482422,136.1999969482422,8903600,ABNB,172.97,False,,False,,False,5899324.0,137.0,False,142.0,False,152.0,False,165.0,False,164.0,False,-11.40989689552569,-10.033244068419478,-1.3766528271062128,30.562358459608575
2021-05-21,136.5500030517578,137.1699981689453,132.8800048828125,134.7100067138672,134.7100067138672,10056500,ABNB,171.71,False,,False,,False,5979830.0,137.0,False,141.0,False,150.0,False,164.0,False,164.0,False,-11.30876213194162,-10.288347681123906,-1.0204144508177144,29.696460936203536
2021-05-24,135.5,137.97999572753906,134.38999938964844,135.91000366210938,135.91000366210938,8543600,ABNB,170.29,False,,False,,False,6039572.0,136.0,False,140.0,False,149.0,False,163.0,False,163.0,False,-11.004924459394118,-10.431663036777948,-0.5732614226161701,31.382607212264347
2021-05-25,137.39999389648438,137.85000610351562,133.55999755859375,133.99000549316406,133.99000549316406,10435800,ABNB,168.77,False,,False,,False,6161700.0,136.0,False,139.0,False,148.0,False,162.0,False,163.0,False,-10.79462500338937,-10.504255430100233,-0.29036957328913715,30.13715885682339
2021-05-26,134.94000244140625,135.75999450683594,133.7209930419922,134.75,134.75,8179200,ABNB,167.47,False,,False,,False,6233172.0,135.0,False,138.0,False,147.0,False,161.0,False,163.0,False,-10.446218460351588,-10.492648036150504,0.046429575798915934,31.29938765531668
2021-05-27,135.07000732421875,143.82000732421875,134.5,143.1699981689453,143.1699981689453,21270200,ABNB,166.3,False,,False,,False,6582938.0,138.0,True,139.0,True,146.0,False,160.0,False,163.0,False,-9.382524380843677,-10.270623305089138,0.8880989242454618,42.67720536835252
2021-05-28,144.75999450683594,145.0,140.25,140.39999389648438,140.39999389648438,12000600,ABNB,165.28,False,,False,,False,6748720.0,139.0,True,139.0,True,146.0,False,159.0,False,162.0,False,-8.663191475546967,-9.949136939180704,1.2859454636337375,40.311912659090694
2021-06-01,143.88999938964844,146.08900451660156,141.58999633789062,144.30999755859375,144.30999755859375,16552100,ABNB,164.28,False,,False,,False,6990870.0,141.0,True,140.0,True,146.0,False,159.0,False,162.0,False,-7.688976611165685,-9.497104873577701,1.8081282624120156,44.94988899070499
2021-06-02,145.35000610351562,152.6999969482422,144.39999389648438,151.0,151.0,16245100,ABNB,163.4,False,,False,,False,7240964.0,144.0,True,142.0,True,146.0,True,158.0,False,162.0,False,-6.304403783504995,-8.85856465556316,2.5541608720581657,51.844649830133854
2021-06-03,149.5500030517578,151.1199951171875,143.8000030517578,144.19000244140625,144.19000244140625,11083300,ABNB,162.54,False,,False,,False,7393418.0,144.0,True,142.0,True,146.0,False,158.0,False,162.0,False,-5.691027113704223,-8.225057147191373,2.5340300334871504,45.58578200926298
2021-06-04,145.8300018310547,151.57000732421875,145.0,150.72999572753906,150.72999572753906,8534900,ABNB,161.98,False,,False,,False,7488994.0,146.0,True,144.0,True,146.0,True,158.0,False,162.0,False,-4.623897470793253,-7.50482521191175,2.880927741118497,51.625582741068264
2021-06-07,150.9600067138672,150.9600067138672,146.39999389648438,148.97000122070312,148.97000122070312,7780200,ABNB,161.43,False,,False,,False,7539316.0,147.0,True,145.0,True,147.0,True,157.0,False,162.0,False,-3.875531671669904,-6.778966503863381,2.9034348321934766,50.01662981994342
2021-06-08,150.60000610351562,150.75,145.8000030517578,147.00999450683594,147.00999450683594,7125800,ABNB,160.89,False,,False,,False,7610574.0,147.0,True,145.0,True,147.0,True,157.0,False,162.0,False,-3.4013933997117363,-6.103451883033053,2.7020584833213164,48.214496423885734
2021-06-09,148.57000732421875,149.36000061035156,144.4600067138672,144.85000610351562,144.85000610351562,5606500,ABNB,160.13,False,,False,,False,7632528.0,146.0,False,145.0,False,146.0,False,156.0,False,161.0,False,-3.1634619948844716,-5.515453905403337,2.3519919105188656,46.237327491980466
2021-06-10,142.14999389648438,147.4499969482422,141.0399932861328,146.1199951171875,146.1199951171875,9482500,ABNB,159.39,False,,False,,False,7764112.0,146.0,True,145.0,True,146.0,True,156.0,False,161.0,False,-2.839687987221083,-4.980300721766886,2.140612734545803,47.59798052640327
2021-06-11,145.8699951171875,148.9499969482422,145.1999969482422,148.44000244140625,148.44000244140625,4819900,ABNB,158.6,False,,False,,False,7798920.0,147.0,True,146.0,True,147.0,True,156.0,False,161.0,False,-2.36858596689504,-4.457957770792516,2.0893718038974765,50.08332324633059
2021-06-14,149.25,149.60000610351562,146.85000610351562,149.2100067138672,149.2100067138672,6107500,ABNB,157.82,False,,False,,False,7862642.0,148.0,True,147.0,True,147.0,True,155.0,False,161.0,False,-1.9110716675043022,-3.948580550134874,2.0375088826305716,50.91541618405885
2021-06-15,149.1999969482422,153.74000549316406,148.83999633789062,151.77999877929688,151.77999877929688,12007700,ABNB,157.13,False,,False,,False,8050968.0,149.0,True,147.0,True,147.0,True,155.0,False,161.0,False,-1.3258280867792678,-3.424030057463753,2.098201970684485,53.69015934427908
2021-06-16,150.9499969482422,152.35000610351562,146.9199981689453,149.14999389648438,149.14999389648438,9632800,ABNB,156.31,False,,False,,False,8172312.0,149.0,True,148.0,True,147.0,True,155.0,False,161.0,False,-1.0619957211730764,-2.951623190205618,1.8896274690325416,50.54143459883723
2021-06-17,148.99000549316406,152.2899932861328,148.61199951171875,150.6999969482422,150.6999969482422,8171300,ABNB,155.72,False,,False,,False,8202468.0,150.0,True,148.0,True,148.0,True,155.0,False,161.0,False,-0.719539969390695,-2.5052065460426336,1.7856665766519386,52.316320526908704
2021-06-18,150.3800048828125,154.8000030517578,149.39999389648438,152.52000427246094,152.52000427246094,11628900,ABNB,155.17,False,,False,,False,8382540.0,151.0,True,149.0,True,148.0,True,155.0,False,161.0,False,-0.2978485258128103,-2.063734941996669,1.7658864161838586,54.38622458926035
2021-06-21,152.52000427246094,152.61000061035156,145.8300018310547,149.6999969482422,149.6999969482422,8040200,ABNB,154.57,False,,False,,False,8485140.0,150.0,False,149.0,True,148.0,True,155.0,False,160.0,False,-0.1890270557015583,-1.6887933647376467,1.4997663090360884,50.71288910774411
2021-06-22,149.75,151.64700317382812,148.39999389648438,149.67999267578125,149.67999267578125,5790400,ABNB,154.04,False,,False,,False,8548552.0,150.0,False,149.0,True,148.0,True,154.0,False,160.0,False,-0.1032096970847931,-1.371676631207076,1.268466934122283,50.68673600525781
2021-06-23,149.75999450683594,154.58999633789062,147.8000030517578,151.5800018310547,151.5800018310547,9335700,ABNB,153.51,False,,False,,False,8663794.0,151.0,True,150.0,True,149.0,True,154.0,False,160.0,False,0.11676998597963006,-1.0739873077697348,1.190757293749365,53.157669046558865
2021-06-24,152.6699981689453,153.6269989013672,149.86000061035156,150.72999572753906,150.72999572753906,8173400,ABNB,153.0,False,,False,,False,8768490.0,151.0,False,150.0,True,149.0,True,154.0,False,160.0,False,0.21998127372992826,-0.8151935914698022,1.0351748651997306,51.90465885688913
2021-06-25,151.22999572753906,153.1699981689453,149.27999877929688,149.6699981689453,149.6699981689453,6452400,ABNB,152.48,False,,False,,False,8839640.0,150.0,False,150.0,False,149.0,True,154.0,False,160.0,False,0.2137796993589518,-0.6093989333040514,0.8231786326630032,50.3119822313838
2021-06-28,148.61500549316406,150.92999267578125,147.0800018310547,149.94000244140625,149.94000244140625,6451000,ABNB,151.91,False,,False,,False,8907494.0,150.0,False,150.0,False,149.0,True,154.0,False,160.0,False,0.22802348249129523,-0.4419144501449821,0.6699379326362773,50.72672909738487
2021-06-29,149.75,149.94000244140625,145.77000427246094,146.0800018310547,146.0800018310547,7479000,ABNB,151.34,False,,False,,False,8994560.0,149.0,False,149.0,False,149.0,False,153.0,False,160.0,False,-0.07133569317372235,-0.3677986987507302,0.29646300557700783,44.95022917183957
2021-06-30,145.5449981689453,154.08999633789062,144.2449951171875,153.13999938964844,153.13999938964844,9798600,ABNB,151.01,True,,False,,False,9099032.0,150.0,True,150.0,True,149.0,True,153.0,True,160.0,False,0.25812727293867965,-0.24261350441284824,0.5007407773515279,55.03572717451393
2021-07-01,154.5,157.41000366210938,151.41000366210938,153.0800018310547,153.0800018310547,9787100,ABNB,150.73,True,,False,,False,9217202.0,151.0,True,150.0,True,150.0,True,153.0,True,160.0,False,0.5085257770655289,-0.09238564811717281,0.6009114251827017,54.943603197048766
2021-07-02,153.30999755859375,154.9499969482422,149.55999755859375,150.22999572753906,150.22999572753906,4826500,ABNB,150.32,False,,False,,False,9236602.0,151.0,False,150.0,True,150.0,True,153.0,False,160.0,False,0.4715608614762914,0.02040365380152004,0.45115720767477135,50.60988914436796
2021-07-06,150.0800018310547,152.8000030517578,147.80999755859375,148.3699951171875,148.3699951171875,5069400,ABNB,149.8,False,,False,,False,9271392.0,150.0,False,150.0,False,149.0,False,153.0,False,160.0,False,0.2888497152575553,0.0740928660927271,0.21475684916482823,47.951623311435654
2021-07-07,148.14999389648438,148.94000244140625,143.60000610351562,143.72000122070312,143.72000122070312,5650900,ABNB,149.18,False,,False,,False,9333422.0,148.0,False,149.0,False,149.0,False,153.0,False,159.0,False,-0.22853146187279094,0.013568000499623485,-0.24209946237241442,42.010784199035065
2021-07-08,140.42999267578125,143.72999572753906,139.52999877929688,142.52999877929688,142.52999877929688,4827200,ABNB,148.47,False,,False,,False,9372306.0,146.0,False,148.0,False,148.0,False,152.0,False,159.0,False,-0.7262117075215997,-0.13438794110462116,-0.5918237664169785,40.623696040856395
2021-07-09,143.3000030517578,150.25999450683594,143.3000030517578,149.63999938964844,149.63999938964844,7065100,ABNB,147.86,True,,False,,False,9465414.0,147.0,True,148.0,True,149.0,True,152.0,False,159.0,False,-0.5406766751383714,-0.2156456879113712,-0.3250309872270002,51.02769480661471
2021-07-12,148.99000549316406,150.4199981689453,146.00999450683594,146.69000244140625,146.69000244140625,3276300,ABNB,147.24,False,,False,,False,9468620.0,147.0,False,148.0,False,148.0,False,152.0,False,159.0,False,-0.62448030461087,-0.29741261125127094,-0.32706769335959907,47.322655254437
2021-07-13,147.69500732421875,147.69500732421875,143.0,143.41000366210938,143.41000366210938,5871500,ABNB,146.66,False,,False,,False,9514450.0,146.0,False,147.0,False,148.0,False,152.0,False,159.0,False,-0.9446741584764027,-0.42686492069629733,-0.5178092377801053,43.53747203240294
2021-07-14,143.86000061035156,144.1999969482422,139.0399932861328,139.08999633789062,139.08999633789062,8545500,ABNB,146.08,False,,False,,False,9622366.0,144.0,False,146.0,False,147.0,False,151.0,False,159.0,False,-1.5293887404058637,-0.6473696846382107,-0.882019055767653,39.10133574864669
2021-07-15,139.17999267578125,140.52000427246094,136.5399932861328,137.5,137.5,6576100,ABNB,145.45,False,,False,,False,9660728.0,142.0,False,144.0,False,146.0,False,151.0,False,158.0,False,-2.096906838781706,-0.9372771154669097,-1.1596297233147963,37.58346492862746
2021-07-16,139.69000244140625,139.7899932861328,133.50999450683594,134.30999755859375,134.30999755859375,6094600,ABNB,144.89,False,166.59,False,,False,9710818.0,139.0,False,142.0,False,145.0,False,150.0,False,158.0,False,-2.772120280541259,-1.3042457484817795,-1.4678745320594793,34.675151797841565
2021-07-19,131.36000061035156,133.77000427246094,130.30999755859375,131.8800048828125,131.8800048828125,7215700,ABNB,144.45,False,166.51,False,,False,9684552.0,137.0,False,140.0,False,144.0,False,149.0,False,158.0,False,-3.463388116107012,-1.7360742220068262,-1.727313894100186,32.60533616677418
2021-07-20,132.75,137.43499755859375,131.6999969482422,136.08999633789062,136.08999633789062,6274600,ABNB,144.15,False,166.49,False,,False,9667364.0,137.0,False,140.0,False,143.0,False,149.0,False,158.0,False,-3.629671140534299,-2.114793605712321,-1.514877534821978,39.35901594212802
2021-07-21,136.7100067138672,140.14999389648438,135.72500610351562,139.25,139.25,5269600,ABNB,144.0,False,166.55,False,,False,9656212.0,137.0,True,140.0,False,143.0,False,148.0,False,157.0,False,-3.46650602548101,-2.3851360896660587,-1.0813699358149513,43.903085616812966
2021-07-22,141.2899932861328,141.2899932861328,137.66000366210938,139.47000122070312,139.47000122070312,4628400,ABNB,143.94,False,166.65,False,,False,9583632.0,138.0,True,140.0,False,143.0,False,148.0,False,157.0,False,-3.281615812030111,-2.5644320341388696,-0.7171837778912415,44.216491220584636
2021-07-23,139.8000030517578,140.0,137.41000366210938,138.72999572753906,138.72999572753906,2811100,ABNB,143.91,False,166.65,False,,False,9533704.0,138.0,True,139.0,False,142.0,False,148.0,False,157.0,False,-3.158393253230912,-2.6832242779572786,-0.47516897527363344,43.339399107114836
2021-07-26,139.1300048828125,142.19000244140625,137.1999969482422,142.0,142.0,6489500,ABNB,144.03,False,166.62,False,,False,9403386.0,140.0,True,140.0,True,142.0,False,147.0,False,157.0,False,-2.7650032352490825,-2.6995800694156395,-0.06542316583344299,48.226656394218494
2021-07-27,141.2550048828125,142.52000427246094,138.30999755859375,141.5800018310547,141.5800018310547,5113100,ABNB,144.04,False,166.51,False,,False,9099140.0,140.0,True,140.0,True,142.0,False,147.0,False,157.0,False,-2.458785801757557,-2.651421215884023,0.19263541412646612,47.65805994098953
2021-07-28,141.30999755859375,143.72999572753906,141.02999877929688,143.3000030517578,143.3000030517578,4466800,ABNB,144.25,False,166.38,False,,False,8393376.0,141.0,True,141.0,True,142.0,True,147.0,False,157.0,False,-2.053643432535665,-2.531865659214352,0.47822222667868663,50.245189123217926
2021-07-29,143.64599609375,145.0,141.7100067138672,143.47000122070312,143.47000122070312,5005500,ABNB,144.42,False,166.25,False,,False,8122374.0,142.0,True,141.0,True,142.0,True,147.0,False,157.0,False,-1.699259745935592,-2.3653444765586,0.666084730623008,50.50557937148113
2021-07-30,141.75,144.69000244140625,141.74000549316406,144.00999450683594,144.00999450683594,4163200,ABNB,144.54,False,166.16,False,,False,7894328.0,143.0,True,142.0,True,142.0,True,147.0,False,156.0,False,-1.3591675384982977,-2.1641090889465397,0.804941550448242,51.37607865113365
2021-08-02,143.85000610351562,146.27000427246094,143.39999389648438,145.49000549316406,145.49000549316406,4522400,ABNB,144.73,True,166.09,False,,False,7806704.0,144.0,True,142.0,True,143.0,True,147.0,False,156.0,False,-0.9591608865996193,-1.9231194484771557,0.9639585618775364,53.77570556611087
2021-08-03,147.72799682617188,147.7899932861328,143.27999877929688,145.64999389648438,145.64999389648438,5491000,ABNB,144.94,True,166.07,False,,False,7715394.0,144.0,True,143.0,True,143.0,True,147.0,False,156.0,False,-0.6220721455412388,-1.6629099878899725,1.0408378423487337,54.039754448034785
2021-08-04,145.10000610351562,147.4600067138672,145.00999450683594,147.39999389648438,147.39999389648438,4631400,ABNB,145.17,True,166.05,False,,False,7637150.0,145.0,True,144.0,True,143.0,True,147.0,True,156.0,False,-0.21128099917876852,-1.3725841901477318,1.1613031909689633,56.93742036357446
2021-08-05,146.6699981689453,150.41000366210938,146.3990020751953,150.32000732421875,150.32000732421875,4737500,ABNB,145.5,True,166.07,False,,False,7523184.0,147.0,True,145.0,True,144.0,True,147.0,True,156.0,False,0.3459072208296732,-1.0288859079522508,1.374793128781924,61.319584006455415
2021-08-06,148.99000549316406,150.19000244140625,147.5500030517578,149.99000549316406,149.99000549316406,4039600,ABNB,145.81,True,166.09,False,,False,7440392.0,148.0,True,146.0,True,145.0,True,147.0,True,156.0,False,0.752183803021893,-0.672671965757422,1.424855768779315,60.569416714079885
2021-08-09,148.74000549316406,151.0,148.6999969482422,149.44000244140625,149.44000244140625,5541900,ABNB,145.93,True,166.16,False,,False,7125826.0,148.0,True,147.0,True,145.0,True,147.0,True,156.0,False,1.0180448840519603,-0.3345285957955456,1.3525734798475058,59.268010995861005
2021-08-10,149.36500549316406,150.75999450683594,147.85000610351562,147.9499969482422,147.9499969482422,5149800,ABNB,146.08,True,166.15,False,,False,6988810.0,148.0,False,147.0,True,145.0,True,147.0,True,156.0,False,1.0958781146458705,-0.04844725370726241,1.144325368353133,55.77192272143568
2021-08-11,147.5399932861328,149.27999877929688,145.1580047607422,148.16000366210938,148.16000366210938,6717700,ABNB,146.16,True,166.19,False,,False,6792122.0,148.0,True,147.0,True,146.0,True,147.0,True,156.0,False,1.1611225988140461,0.19346671679699928,0.9676558820170469,56.164404000182856
2021-08-12,148.86000061035156,151.67999267578125,146.5500030517578,151.14999389648438,151.14999389648438,8794100,ABNB,146.16,True,166.19,False,,False,6643102.0,149.0,True,148.0,True,146.0,True,147.0,True,156.0,False,1.437525645291231,0.44227850249584566,0.9952471427953854,61.41448986658278
2021-08-13,146.66000366210938,152.75999450683594,144.50999450683594,152.75999450683594,152.75999450683594,16781900,ABNB,146.33,True,166.21,False,,False,6757074.0,150.0,True,149.0,True,147.0,True,148.0,True,156.0,False,1.7661317771712959,0.7070491574309357,1.0590826197403602,63.920274111534376
2021-08-16,151.99000549316406,152.02999877929688,144.89999389648438,148.57000732421875,148.57000732421875,7715200,ABNB,146.29,True,166.21,False,,False,6740680.0,150.0,False,149.0,False,147.0,True,148.0,True,156.0,False,1.6692158741657295,0.8994825007778944,0.7697333733878351,54.077694561131906
2021-08-17,145.0,148.1999969482422,143.5800018310547,143.89999389648438,143.89999389648438,7855100,ABNB,146.19,False,166.1,False,,False,6742178.0,148.0,False,148.0,False,147.0,False,147.0,False,156.0,False,1.2017255243088982,0.9599311054840952,0.24179441882480301,45.64193043597952
2021-08-18,144.02000427246094,148.67999267578125,141.6999969482422,146.74000549316406,146.74000549316406,5190100,ABNB,146.18,True,165.95,False,,False,6703464.0,147.0,False,148.0,False,147.0,False,147.0,False,155.0,False,1.0483169100614873,0.9776082663995738,0.07070864366191354,50.68054561011088
2021-08-19,143.79100036621094,145.27999877929688,141.9199981689453,142.64999389648438,142.64999389648438,4732400,ABNB,146.14,False,165.69,False,,False,6685982.0,146.0,False,147.0,False,146.0,False,147.0,False,155.0,False,0.5899096130092971,0.9000685357215186,-0.31015892271222145,44.31049508577742
2021-08-20,142.0,143.94900512695312,141.5,143.6999969482422,143.6999969482422,2965300,ABNB,146.09,False,165.52,False,,False,6555638.0,145.0,False,146.0,False,146.0,False,147.0,False,155.0,False,0.30779690733362486,0.7816142100439399,-0.4738173027103151,46.180704792399396
2021-08-23,144.89999389648438,147.6300048828125,144.14999389648438,146.7899932861328,146.7899932861328,4727400,ABNB,146.06,True,165.34,False,,False,6553788.0,146.0,True,146.0,True,146.0,True,147.0,False,155.0,False,0.32975621152391454,0.6912426103399348,-0.3614863988160203,51.357757914500596
2021-08-24,147.0,161.97999572753906,146.5,161.4199981689453,161.4199981689453,22096800,ABNB,146.3,True,165.34,False,,False,6873574.0,151.0,True,149.0,True,147.0,True,148.0,True,155.0,True,1.510268805612185,0.8550478493943848,0.6552209562178001,67.36457736114848
2021-08-25,158.76400756835938,163.0590057373047,158.0,160.35000610351562,160.35000610351562,7267700,ABNB,146.47,True,165.21,False,,False,6778774.0,154.0,True,151.0,True,149.0,True,148.0,True,155.0,True,2.3326053022497604,1.1505593399654601,1.1820459622843003,65.66268966280637
2021-08-26,159.33999633789062,159.5,151.4499969482422,152.72999572753906,152.72999572753906,7243000,ABNB,146.54,True,165.01,False,,False,6730978.0,154.0,False,151.0,True,149.0,True,148.0,True,155.0,False,2.3424395610502984,1.3889353841824277,0.9535041768678707,55.00503910785773
2021-08-27,152.25100708007812,156.44000244140625,151.4499969482422,154.17999267578125,154.17999267578125,4814600,ABNB,146.61,True,164.86,False,,False,6663844.0,154.0,True,152.0,True,149.0,True,149.0,True,155.0,False,2.4391192689612353,1.5989721611381893,0.840147107823046,56.45345319035396
2021-08-30,154.41000366210938,157.49000549316406,151.9199981689453,156.02000427246094,156.02000427246094,3968700,ABNB,146.68,True,164.61,False,,False,6510640.0,155.0,True,153.0,True,150.0,True,149.0,True,155.0,True,2.633850799749524,1.8059478888604563,0.8279029108890679,58.28840155711904
2021-08-31,155.94000244140625,158.14999389648438,153.5800018310547,154.99000549316406,154.99000549316406,7404000,ABNB,146.79,True,164.3,False,,False,6497916.0,155.0,False,153.0,True,151.0,True,149.0,True,155.0,False,2.6742376998847703,1.9796058510653192,0.6946318488194512,56.844429231300914
2021-09-01,154.83999633789062,158.63999938964844,154.2899932861328,156.58999633789062,156.58999633789062,4324700,ABNB,146.93,True,164.1,False,,False,6468602.0,155.0,True,154.0,True,151.0,True,149.0,True,155.0,True,2.803038812106962,2.1442924432736477,0.6587463688333144,58.56172030494477
2021-09-02,156.5,159.4600067138672,156.5,157.1999969482422,157.1999969482422,3301000,ABNB,147.04,True,163.92,False,,False,6347908.0,156.0,True,154.0,True,152.0,True,150.0,True,155.0,True,2.9206689195215745,2.299567738523233,0.6211011809983416,59.227864068506406
2021-09-03,158.0500030517578,160.63999938964844,157.1999969482422,158.0,158.0,4456400,ABNB,147.19,True,163.77,False,,False,6273568.0,157.0,True,155.0,True,152.0,True,150.0,True,155.0,True,3.0433631910604504,2.4483268290306768,0.5950363620297736,60.13302457115465
2021-09-07,159.72000122070312,165.73500061035156,159.5500030517578,165.0,165.0,11008800,ABNB,147.49,True,163.68,True,,False,6364696.0,159.0,True,157.0,True,153.0,True,151.0,True,155.0,True,3.663213538379381,2.691304170900418,0.971909367478963,67.03017703523493
2021-09-08,163.22999572753906,166.5500030517578,161.60000610351562,163.92999267578125,163.92999267578125,5866500,ABNB,147.77,True,163.53,True,,False,6353006.0,161.0,True,158.0,True,154.0,True,151.0,True,155.0,True,4.021748542029144,2.9573930451261634,1.0643554969029805,65.1740626965425
2021-09-09,163.0,166.97000122070312,160.8300018310547,166.0,166.0,5935800,ABNB,148.17,True,163.33,True,,False,6322142.0,163.0,True,160.0,True,155.0,True,152.0,True,156.0,True,4.421948932096626,3.2503042225202563,1.1716447095763698,67.0736024705385
2021-09-10,166.9499969482422,168.23599243164062,165.00999450683594,165.1999969482422,165.1999969482422,3981300,ABNB,148.41,True,163.13,True,,False,6205796.0,163.0,True,161.0,True,156.0,True,152.0,True,156.0,True,4.621285758566614,3.5245005297295284,1.0967852288370858,65.5847458963616
2021-09-13,160.25,162.99000549316406,154.7899932861328,160.32000732421875,160.32000732421875,7520900,ABNB,148.56,True,162.87,False,,False,6160472.0,162.0,False,161.0,False,157.0,True,153.0,True,156.0,True,4.335510188117382,3.686702461407099,0.6488077267102832,57.23832830106028
2021-09-14,160.66000366210938,164.6999969482422,159.41000366210938,163.3000030517578,163.3000030517578,4655500,ABNB,148.82,True,162.62,True,,False,6157052.0,163.0,True,161.0,True,157.0,True,153.0,True,156.0,True,4.299924882547828,3.809346945635245,0.49057793691258267,60.54071486723075
2021-09-15,162.32000732421875,166.6300048828125,160.49000549316406,166.3699951171875,166.3699951171875,5656000,ABNB,149.18,True,162.32,True,,False,6168784.0,164.0,True,162.0,True,158.0,True,154.0,True,156.0,True,4.467942316366077,3.941066019781412,0.5268762965846654,63.65477431430782
2021-09-16,165.25999450683594,169.4499969482422,165.0399932861328,168.14999389648438,168.14999389648438,6094800,ABNB,149.67,True,162.0,True,,False,6177662.0,165.0,True,163.0,True,159.0,True,154.0,True,156.0,True,4.690657390026672,4.090984293830464,0.5996730961962085,65.36165046805766
2021-09-17,169.3000030517578,170.0,163.61000061035156,166.58999633789062,166.58999633789062,20018200,ABNB,150.15,True,161.69,True,,False,6481482.0,166.0,True,164.0,True,160.0,True,155.0,True,156.0,True,4.68725022209486,4.210237479483343,0.4770127426115174,62.58749308910782
2021-09-20,162.24000549316406,166.5399932861328,159.44500732421875,161.63999938964844,161.63999938964844,6846800,ABNB,150.39,True,161.37,True,,False,6477116.0,164.0,False,163.0,False,160.0,True,155.0,True,156.0,True,4.23629328015636,4.2154486396179465,0.020844640538413728,54.65987986158369
2021-09-21,164.0,170.00999450683594,162.9600067138672,169.2899932861328,169.2899932861328,8592500,ABNB,150.84,True,161.15,True,,False,6583440.0,166.0,True,164.0,True,161.0,True,155.0,True,156.0,True,4.444958513626034,4.261350614419564,0.18360789920646958,62.55396156103861
2021-09-22,170.029296875,171.7899932861328,167.37130737304688,169.9600067138672,169.9600067138672,4353595,ABNB,151.37,True,160.96,True,,False,6553081.9,167.0,True,165.0,True,162.0,True,156.0,True,156.0,True,4.611236237632312,4.3313277390621145,0.2799084985701974,63.15896504220084
